frame_number,source_file,line_start,line_end,frame_title,current_role,related_requirement,period,track,transaction_cost_coverage,source_map_row,source_status,caveats
18,FinalPresentation_TristanLeiter_h11815352.Rnw,886,951,"Index Construction I: From Score to Portfolio Weight","methodology","threshold-family interpretation","all","temporary_csi; permanent_csi","0;5;10;20 bps methodology","SLIDE_DATA_SOURCES.md row 18","conceptual/source-backed","Methodology frame; no numeric result table."
19,FinalPresentation_TristanLeiter_h11815352.Rnw,954,999,"Index Construction II: Four Benchmark Universes","methodology","transaction-cost robustness; turnover; threshold-family interpretation","OOS grid","temporary_csi; permanent_csi","0;5;10;20 bps stated","SLIDE_DATA_SOURCES.md row 19","source-backed","Defines the grid rather than displaying final results."
20,FinalPresentation_TristanLeiter_h11815352.Rnw,1004,1030,"Index Results: Temporary-CSI at 10 bps transaction costs (test set)","test result","temporary CSI test index results","test","dynamic_csi","10 bps displayed; source has 0;5;10;20 bps","SLIDE_DATA_SOURCES.md row 20","source-backed","Uses isolated test-set output from AE-FP-DIAG-006."
21,FinalPresentation_TristanLeiter_h11815352.Rnw,1035,1062,"Index Results: Temporary-CSI at 0 bps transaction costs (OOS set)","OOS result","temporary CSI OOS index results","OOS","dynamic_csi","0 bps displayed","SLIDE_DATA_SOURCES.md row 21","source-backed","Current slide is 0 bps; planned revision needs 10 bps emphasis."
22,FinalPresentation_TristanLeiter_h11815352.Rnw,1067,1092,"Index resukts: Temporary-CSI Error-Cost Diagnostic","OOS diagnostic","temporary CSI OOS error-cost / realized contribution","OOS","dynamic_csi","pre-cost geometric diagnostic; adjacent 10 bps attribution available","SLIDE_DATA_SOURCES.md row 22","source-backed","Title has typo in current deck; diagnostic uses OOS decomposition and geometric adjustment."
23,FinalPresentation_TristanLeiter_h11815352.Rnw,1097,1122,"Index-Results: Temporary-CSI Realized Active Attribution","OOS attribution","temporary CSI OOS error-cost / realized contribution","OOS","dynamic_csi","10 bps displayed; source has 0;5;10;20 bps","SLIDE_DATA_SOURCES.md row 23","source-backed","Attribution reconciles realized alpha."
24,FinalPresentation_TristanLeiter_h11815352.Rnw,1127,1153,"Index Results: Temporary CSI at 10 bps transaction costs (OOS set)","OOS result","temporary CSI OOS index results","OOS","dynamic_csi","10 bps displayed; source has 0;5;10;20 bps","SLIDE_DATA_SOURCES.md row 24","source-backed","Likely target result slide for planned block A."
25,FinalPresentation_TristanLeiter_h11815352.Rnw,1158,1183,"Index Results: Permanent-CSI at 0 bps transaction costs (test set)","test result","permanent CSI test index results","test","permanent_csi","0 bps displayed","SLIDE_DATA_SOURCES.md row 25","source-backed but mislabeled current role","Current title says test set but source-map row 25 maps OOS 0 bps; planned test result should use AE-FP-DIAG-006 isolated test output."
26,FinalPresentation_TristanLeiter_h11815352.Rnw,1190,1215,"Permanent CSI: Error-Cost Diagnostic","OOS diagnostic","permanent CSI OOS error-cost / realized contribution","OOS","permanent_csi","pre-cost geometric diagnostic; adjacent 10 bps attribution available","SLIDE_DATA_SOURCES.md row 26","source-backed","Diagnostic uses OOS decomposition and geometric adjustment."
27,FinalPresentation_TristanLeiter_h11815352.Rnw,1220,1245,"Permanent CSI: Realized Active Attribution","OOS attribution","permanent CSI OOS error-cost / realized contribution","OOS","permanent_csi","10 bps displayed; source has 0;5;10;20 bps","SLIDE_DATA_SOURCES.md row 27","source-backed","Attribution reconciles realized alpha."
28,FinalPresentation_TristanLeiter_h11815352.Rnw,1250,1277,"Index Results: Permanent CSI at 10 bps","OOS result","permanent CSI OOS index results","OOS","permanent_csi","10 bps displayed; source has 0;5;10;20 bps","SLIDE_DATA_SOURCES.md row 28","source-backed","Likely target result slide for planned block E."
29,FinalPresentation_TristanLeiter_h11815352.Rnw,1282,1307,"Transaction-Cost Robustness","robustness result","transaction-cost robustness","OOS","dynamic_csi; permanent_csi","0 versus 20 bps displayed; source has 0;5;10;20 bps","SLIDE_DATA_SOURCES.md row 29","source-backed","Current slide focuses winner stability."
30,FinalPresentation_TristanLeiter_h11815352.Rnw,1312,1348,"Turnover Effect","turnover result","turnover","OOS","dynamic_csi; permanent_csi","0 and 10 bps displayed; source has winner turnover and 0;5;10;20 bps performance","SLIDE_DATA_SOURCES.md row 30","source-backed","Planned revision asks specifically for 5/10/20 bps turnover effect."
31,FinalPresentation_TristanLeiter_h11815352.Rnw,1353,1397,"Threshold Families and Turnover","interpretation","threshold-family interpretation","OOS","dynamic_csi; permanent_csi","20 bps threshold-family summary plus turnover","SLIDE_DATA_SOURCES.md row 31","source-backed","Current slide combines threshold family and turnover interpretation."
32,FinalPresentation_TristanLeiter_h11815352.Rnw,1400,1436,"Sensitivity: Main Run Versus C/M/T Grid","sensitivity result","sensitivity charts/results","temporary C/M/T sensitivity","dynamic_csi","not transaction-cost focused on main slide","SLIDE_DATA_SOURCES.md row 32","source-backed","Permanent sensitivity is planned/not completed elsewhere."
50,FinalPresentation_TristanLeiter_h11815352.Rnw,1935,1948,"Appendix A16: Error Decomposition and Index Source Paths","appendix source map","source inventory support","OOS; test where source rows exist","dynamic_csi; permanent_csi","0;5;10;20 bps referenced","SLIDE_DATA_SOURCES.md row 50","source-backed","Useful as source navigation for revised index section."
51,FinalPresentation_TristanLeiter_h11815352.Rnw,1957,1981,"Appendix A17: Transaction-Cost Robustness","appendix robustness","transaction-cost robustness","OOS","dynamic_csi; permanent_csi","0;5;10;20 bps source; 0/20 endpoint display","SLIDE_DATA_SOURCES.md row 51","source-backed","Can support a denser or backup robustness slide."
52,FinalPresentation_TristanLeiter_h11815352.Rnw,1984,2029,"Appendix A18: Threshold Family and Turnover Summary","appendix interpretation","threshold-family interpretation; turnover","OOS","dynamic_csi; permanent_csi","20 bps threshold summary; turnover summary","SLIDE_DATA_SOURCES.md row 52","source-backed","Can support slide K or backup material."
53,FinalPresentation_TristanLeiter_h11815352.Rnw,2032,2059,"Appendix A19: Temporary CSI Sensitivity Detail","appendix sensitivity","sensitivity charts/results","temporary C/M/T sensitivity","dynamic_csi","0;5;10;20 bps note from sensitivity outputs","SLIDE_DATA_SOURCES.md row 53","source-backed","Temporary sensitivity only; permanent sensitivity remains planned/not completed."
