analysis_family,run_id,track,model_key,C,M,T,split,universe,transaction_cost_bps,threshold_method,lockout_years,ap,auc,recall_fpr1,recall_fpr3,recall_fpr5,brier,cv_ap,cv_auc,cv_recall_fpr3,index_alpha,index_return,index_sharpe,max_drawdown,annualized_turnover_gross,transaction_cost_drag,best_any_alpha,best_any_sharpe,best_any_max_drawdown,mean_full_alpha,selected_role,source_model,source_index,linkage_note
cmt_sensitivity,C090_M020_T018,temporary_csi,raw,-0.9,-0.2,18,oos,total_market,not_available_native_cmt,youden,5,0.2743798497137193,0.9110959425392384,,0.316315205327414,,,,,,0.0022587653128984,0.111867229530652,0.600929785678636,,,,0.0032488710580556,0.501009456831651,-0.515289702024837,0.0004850583434,11C TM,05_Documentation/09_Epics/AE-SENS-CHART_Sensitivity_Index_Charts/tables/sensitivity_index_stability_table.csv,03_Data_Output/5_SensitivityAnalysis/presentation_ready/sensitivity_cmt_index_summary.csv,Clean by run_id for 24 completed/reused temporary-CSI CMT runs.
cmt_sensitivity,C060_M030_T028,temporary_csi,raw,-0.6,-0.3,28,oos,total_market,not_available_native_cmt,fpr3,5,0.2003247736937806,0.8795643833461513,,0.228125,,,,,,0.0019614648937116,0.111569929111466,0.580233830055487,,,,0.00332860642247557,0.562467195921231,-0.54155224091917,0.0002652990912,,05_Documentation/09_Epics/AE-SENS-CHART_Sensitivity_Index_Charts/tables/sensitivity_index_stability_table.csv,03_Data_Output/5_SensitivityAnalysis/presentation_ready/sensitivity_cmt_index_summary.csv,Clean by run_id for 24 completed/reused temporary-CSI CMT runs.
cmt_sensitivity,C090_M030_T028,temporary_csi,raw,-0.9,-0.3,28,oos,total_market,not_available_native_cmt,youden,3,0.1561406682913778,0.9219831881064574,,0.3296398891966759,,,,,,0.001763897772935,0.111372361990689,0.596766764625322,,,,0.00192581824587634,0.610359577973034,-0.50146504893991,-0.0002271700103,,05_Documentation/09_Epics/AE-SENS-CHART_Sensitivity_Index_Charts/tables/sensitivity_index_stability_table.csv,03_Data_Output/5_SensitivityAnalysis/presentation_ready/sensitivity_cmt_index_summary.csv,Clean by run_id for 24 completed/reused temporary-CSI CMT runs.
cmt_sensitivity,C090_M000_T012,temporary_csi,raw,-0.9,0.0,12,oos,total_market,not_available_native_cmt,youden,3,0.5566333407080201,0.9196034304496846,,0.4065464895635673,,,,,,0.0016854343544205,0.111293898572175,0.589848585579438,,,,0.00288184480268994,0.495988390837267,-0.524850955957119,0.0004112280312,Composite,05_Documentation/09_Epics/AE-SENS-CHART_Sensitivity_Index_Charts/tables/sensitivity_index_stability_table.csv,03_Data_Output/5_SensitivityAnalysis/presentation_ready/sensitivity_cmt_index_summary.csv,Clean by run_id for 24 completed/reused temporary-CSI CMT runs.
cmt_sensitivity,C080_M030_T018,temporary_csi,raw,-0.8,-0.3,18,oos,total_market,not_available_native_cmt,youden,5,0.2781943211994251,0.906743661223948,,0.3078880407124681,,,,,,0.0015336963676835,0.111142160585437,0.598501334768524,,,,0.0019578285849684,0.496141032590637,-0.515737681943955,0.0003859103565,,05_Documentation/09_Epics/AE-SENS-CHART_Sensitivity_Index_Charts/tables/sensitivity_index_stability_table.csv,03_Data_Output/5_SensitivityAnalysis/presentation_ready/sensitivity_cmt_index_summary.csv,Clean by run_id for 24 completed/reused temporary-CSI CMT runs.
cmt_sensitivity,C090_M020_T012,temporary_csi,raw,-0.9,-0.2,12,oos,total_market,not_available_native_cmt,youden,5,0.3854611397624424,0.9133808160027356,,0.3399267399267399,,,,,,0.0014611924085683,0.111069656626322,0.591933429387564,,,,0.00242891324892525,0.494750371815262,-0.524842290810969,0.0002875093932,,05_Documentation/09_Epics/AE-SENS-CHART_Sensitivity_Index_Charts/tables/sensitivity_index_stability_table.csv,03_Data_Output/5_SensitivityAnalysis/presentation_ready/sensitivity_cmt_index_summary.csv,Clean by run_id for 24 completed/reused temporary-CSI CMT runs.
cmt_sensitivity,C060_M020_T018,temporary_csi,raw,-0.6,-0.2,18,oos,total_market,not_available_native_cmt,youden,3,0.319278129577127,0.8696985456890961,,0.1880794701986755,,,,,,0.0014475253837578,0.111055989601512,0.597911251964116,,,,0.00407008232468664,0.509466485454323,-0.504816066892052,0.0004644900944,,05_Documentation/09_Epics/AE-SENS-CHART_Sensitivity_Index_Charts/tables/sensitivity_index_stability_table.csv,03_Data_Output/5_SensitivityAnalysis/presentation_ready/sensitivity_cmt_index_summary.csv,Clean by run_id for 24 completed/reused temporary-CSI CMT runs.
cmt_sensitivity,C060_M030_T018,temporary_csi,raw,-0.6,-0.3,18,oos,total_market,not_available_native_cmt,youden,3,0.2519559864383183,0.8698464567192763,,0.2143579373104145,,,,,,0.0012444075289144,0.110852871746668,0.595822970569784,,,,0.00249914589251898,0.558047365971917,-0.545936860209476,9.606282587e-05,,05_Documentation/09_Epics/AE-SENS-CHART_Sensitivity_Index_Charts/tables/sensitivity_index_stability_table.csv,03_Data_Output/5_SensitivityAnalysis/presentation_ready/sensitivity_cmt_index_summary.csv,Clean by run_id for 24 completed/reused temporary-CSI CMT runs.
cmt_sensitivity,C060_M000_T028,temporary_csi,raw,-0.6,0.0,28,oos,total_market,not_available_native_cmt,fpr3,5,0.3064090235606204,0.8519212019026927,,0.1984732824427481,,,,,,0.0012085356308206,0.110816999848575,0.575240948423765,,,,0.00661927115902627,0.514174020011338,-0.516202488296316,9.426722781e-05,,05_Documentation/09_Epics/AE-SENS-CHART_Sensitivity_Index_Charts/tables/sensitivity_index_stability_table.csv,03_Data_Output/5_SensitivityAnalysis/presentation_ready/sensitivity_cmt_index_summary.csv,Clean by run_id for 24 completed/reused temporary-CSI CMT runs.
cmt_sensitivity,C090_M000_T018,temporary_csi,raw,-0.9,0.0,18,oos,total_market,not_available_native_cmt,youden,5,0.3782581027514098,0.9056510353466224,,0.3172205438066465,,,,,,0.0011951082207606,0.110803572438515,0.59074702596009,,,,0.0011979968610849,0.488599049801897,-0.521996458027719,0.0001890277445,,05_Documentation/09_Epics/AE-SENS-CHART_Sensitivity_Index_Charts/tables/sensitivity_index_stability_table.csv,03_Data_Output/5_SensitivityAnalysis/presentation_ready/sensitivity_cmt_index_summary.csv,Clean by run_id for 24 completed/reused temporary-CSI CMT runs.
cmt_sensitivity,C090_M030_T012,temporary_csi,raw,-0.9,-0.3,12,oos,total_market,not_available_native_cmt,youden,5,0.2844799058271248,0.9113953221278878,,0.3365695792880259,,,,,,0.0011905841465944,0.110799048364348,0.587673609588693,,,,0.0032616341036058,0.496270774216392,-0.521718453223324,9.94223736e-05,,05_Documentation/09_Epics/AE-SENS-CHART_Sensitivity_Index_Charts/tables/sensitivity_index_stability_table.csv,03_Data_Output/5_SensitivityAnalysis/presentation_ready/sensitivity_cmt_index_summary.csv,Clean by run_id for 24 completed/reused temporary-CSI CMT runs.
cmt_sensitivity,C090_M000_T028,temporary_csi,raw,-0.9,0.0,28,oos,total_market,not_available_native_cmt,youden,5,0.2048913991013412,0.8965361944343772,,0.2429378531073446,,,,,,0.001176535823913,0.110785000041667,0.59334837368657,,,,0.00170399166794888,0.492267517640373,-0.518158911602813,0.0002525208684,,05_Documentation/09_Epics/AE-SENS-CHART_Sensitivity_Index_Charts/tables/sensitivity_index_stability_table.csv,03_Data_Output/5_SensitivityAnalysis/presentation_ready/sensitivity_cmt_index_summary.csv,Clean by run_id for 24 completed/reused temporary-CSI CMT runs.
cmt_sensitivity,C060_M030_T012,temporary_csi,raw,-0.6,-0.3,12,oos,total_market,not_available_native_cmt,fpr3,5,0.2853173934579922,0.8585660998139822,,0.202445652173913,,,,,,0.0008022833122689,0.110410747530023,0.571916457946434,,,,0.00224321724354892,0.55697395512508,-0.543271819916279,-0.0002525748918,,05_Documentation/09_Epics/AE-SENS-CHART_Sensitivity_Index_Charts/tables/sensitivity_index_stability_table.csv,03_Data_Output/5_SensitivityAnalysis/presentation_ready/sensitivity_cmt_index_summary.csv,Clean by run_id for 24 completed/reused temporary-CSI CMT runs.
cmt_sensitivity,C080_M030_T028,temporary_csi,raw,-0.8,-0.3,28,oos,total_market,not_available_native_cmt,fpr3,3,0.1937290109793498,0.9136232566807824,,0.3072033898305085,,,,,,0.0007697800507093,0.110378244268463,0.571333720890646,,,,0.00184036993765457,0.554111246471279,-0.544061991369261,0.0001131667867,,05_Documentation/09_Epics/AE-SENS-CHART_Sensitivity_Index_Charts/tables/sensitivity_index_stability_table.csv,03_Data_Output/5_SensitivityAnalysis/presentation_ready/sensitivity_cmt_index_summary.csv,Clean by run_id for 24 completed/reused temporary-CSI CMT runs.
cmt_sensitivity,C080_M020_T012,temporary_csi,raw,-0.8,-0.2,12,oos,total_market,not_available_native_cmt,fpr3,5,0.3793569365539238,0.8934021610079795,,0.2586592178770949,,,,,,0.0007646538199455,0.110373118037699,0.571118169470075,,,,0.00175061569357582,0.553188460671786,-0.549121532163261,-0.0003141933974,,05_Documentation/09_Epics/AE-SENS-CHART_Sensitivity_Index_Charts/tables/sensitivity_index_stability_table.csv,03_Data_Output/5_SensitivityAnalysis/presentation_ready/sensitivity_cmt_index_summary.csv,Clean by run_id for 24 completed/reused temporary-CSI CMT runs.
cmt_sensitivity,C080_M000_T028,temporary_csi,raw,-0.8,0.0,28,oos,total_market,not_available_native_cmt,fpr3,5,0.2271486514426365,0.8753023978951143,,0.18,,,,,,0.000756879663065,0.110365343880819,0.571300461278181,,,,0.00151332624981304,0.552048907543461,-0.547103782249698,-0.0004325864221,,05_Documentation/09_Epics/AE-SENS-CHART_Sensitivity_Index_Charts/tables/sensitivity_index_stability_table.csv,03_Data_Output/5_SensitivityAnalysis/presentation_ready/sensitivity_cmt_index_summary.csv,Clean by run_id for 24 completed/reused temporary-CSI CMT runs.
cmt_sensitivity,C080_M020_T028,temporary_csi,raw,-0.8,-0.2,28,oos,total_market,not_available_native_cmt,fpr3,5,0.1920892570429757,0.8919343002388352,,0.1664429530201342,,,,,,0.0006897455827663,0.11029820980052,0.570641229039862,,,,0.00169677198017526,0.553436832569738,-0.542734088957488,-5.675926087e-05,,05_Documentation/09_Epics/AE-SENS-CHART_Sensitivity_Index_Charts/tables/sensitivity_index_stability_table.csv,03_Data_Output/5_SensitivityAnalysis/presentation_ready/sensitivity_cmt_index_summary.csv,Clean by run_id for 24 completed/reused temporary-CSI CMT runs.
cmt_sensitivity,C080_M020_T018,temporary_csi,raw,-0.8,-0.2,18,oos,total_market,not_available_native_cmt,youden,5,0.3083808870756524,0.8961080832647875,,0.2547008547008547,,,,,,0.0006469414483449,0.110255405666099,0.58841843813557,,,,0.00379551495179564,0.501650604556858,-0.51961927154651,0.0002777134346,Main run,05_Documentation/09_Epics/AE-SENS-CHART_Sensitivity_Index_Charts/tables/sensitivity_index_stability_table.csv,03_Data_Output/5_SensitivityAnalysis/presentation_ready/sensitivity_cmt_index_summary.csv,Clean by run_id for 24 completed/reused temporary-CSI CMT runs.
cmt_sensitivity,C060_M020_T012,temporary_csi,raw,-0.6,-0.2,12,oos,total_market,not_available_native_cmt,fpr3,5,0.3855628283159056,0.8546108520715986,,0.1992254733218588,,,,,,0.0005676380294035,0.110176102247157,0.569957508707251,,,,0.00491189129871295,0.521007016929957,-0.509278610113153,-0.0002968767624,,05_Documentation/09_Epics/AE-SENS-CHART_Sensitivity_Index_Charts/tables/sensitivity_index_stability_table.csv,03_Data_Output/5_SensitivityAnalysis/presentation_ready/sensitivity_cmt_index_summary.csv,Clean by run_id for 24 completed/reused temporary-CSI CMT runs.
cmt_sensitivity,C060_M000_T018,temporary_csi,raw,-0.6,0.0,18,oos,total_market,not_available_native_cmt,fpr3,5,0.414470692930752,0.8460987008494935,,0.1756487025948103,,,,,,0.0005564000241662,0.11016486424192,0.57021364063208,,,,0.00316716646208959,0.504283894306411,-0.513715185408059,-0.0005281256344,,05_Documentation/09_Epics/AE-SENS-CHART_Sensitivity_Index_Charts/tables/sensitivity_index_stability_table.csv,03_Data_Output/5_SensitivityAnalysis/presentation_ready/sensitivity_cmt_index_summary.csv,Clean by run_id for 24 completed/reused temporary-CSI CMT runs.
cmt_sensitivity,C060_M000_T012,temporary_csi,raw,-0.6,0.0,12,oos,total_market,not_available_native_cmt,fpr3,5,0.5663822532811691,0.8637626566089577,,0.2038480272771553,,,,,,0.0005196469020163,0.11012811111977,0.57086041467243,,,,0.00134058459380015,0.501207860182163,-0.517269811679259,-0.001019538477,AP winner,05_Documentation/09_Epics/AE-SENS-CHART_Sensitivity_Index_Charts/tables/sensitivity_index_stability_table.csv,03_Data_Output/5_SensitivityAnalysis/presentation_ready/sensitivity_cmt_index_summary.csv,Clean by run_id for 24 completed/reused temporary-CSI CMT runs.
cmt_sensitivity,C080_M030_T012,temporary_csi,raw,-0.8,-0.3,12,oos,total_market,not_available_native_cmt,youden,3,0.2862484193890794,0.8881012164418651,,0.270956816257409,,,,,,0.000483974297925,0.110092438515679,0.587452464625161,,,,0.00122487834888396,0.551204311309989,-0.546643899946724,-0.0002376292944,,05_Documentation/09_Epics/AE-SENS-CHART_Sensitivity_Index_Charts/tables/sensitivity_index_stability_table.csv,03_Data_Output/5_SensitivityAnalysis/presentation_ready/sensitivity_cmt_index_summary.csv,Clean by run_id for 24 completed/reused temporary-CSI CMT runs.
cmt_sensitivity,C090_M020_T028,temporary_csi,raw,-0.9,-0.2,28,oos,total_market,not_available_native_cmt,youden,5,0.1585587887136293,0.9050299111325334,,0.2186915887850467,,,,,,0.0002943485420949,0.109902812759849,0.586603662334278,,,,0.000845149227370001,0.487570891033394,-0.517707569219006,-0.0002725632091,,05_Documentation/09_Epics/AE-SENS-CHART_Sensitivity_Index_Charts/tables/sensitivity_index_stability_table.csv,03_Data_Output/5_SensitivityAnalysis/presentation_ready/sensitivity_cmt_index_summary.csv,Clean by run_id for 24 completed/reused temporary-CSI CMT runs.
cmt_sensitivity,C090_M030_T018,temporary_csi,raw,-0.9,-0.3,18,oos,total_market,not_available_native_cmt,fpr3,5,0.2525296602311936,0.9190160961194008,,0.382258064516129,,,,,,0.0002203894696588,0.109828853687413,0.567800534534137,,,,0.0025870853843557,0.492419378159089,-0.521516912645989,-5.895619755e-05,,05_Documentation/09_Epics/AE-SENS-CHART_Sensitivity_Index_Charts/tables/sensitivity_index_stability_table.csv,03_Data_Output/5_SensitivityAnalysis/presentation_ready/sensitivity_cmt_index_summary.csv,Clean by run_id for 24 completed/reused temporary-CSI CMT runs.
model_suite,,dynamic_csi,fund,,,,oos,large_cap,0,youden,3,0.2526,0.8686,0.0598,0.1795,0.3017,0.0526,0.2101,0.8663,0.2371,0.0015309561451177,0.144299558946067,0.677854273673084,-0.238898998943089,0.130353208449157,0.0,,,,,,03_Data_Output/6_ModelSuite/comparison/AE-MODEL-SUITE-007_model_suite_metrics_long.csv,03_Data_Output/7_IndexConstructionValidation/nonraw_index_suite/comparison/best_by_track_index_cost.csv,Clean by response_track and model_key; rows repeat model metrics across universes and costs.
model_suite,,dynamic_csi,fund,,,,oos,large_cap,5,youden,3,0.2526,0.8686,0.0598,0.1795,0.3017,0.0526,0.2101,0.8663,0.2371,0.0015265774171144,0.14422650470594,0.677506684916349,-0.238930606729041,0.130353208449157,0.0003258830211228,,,,,,03_Data_Output/6_ModelSuite/comparison/AE-MODEL-SUITE-007_model_suite_metrics_long.csv,03_Data_Output/7_IndexConstructionValidation/nonraw_index_suite/comparison/best_by_track_index_cost.csv,Clean by response_track and model_key; rows repeat model metrics across universes and costs.
model_suite,,dynamic_csi,fund,,,,oos,large_cap,10,youden,3,0.2526,0.8686,0.0598,0.1795,0.3017,0.0526,0.2101,0.8663,0.2371,0.0015221989772094,0.14415345368692,0.67715906053,-0.238962213695718,0.130353208449157,0.0006517660422457,,,,,,03_Data_Output/6_ModelSuite/comparison/AE-MODEL-SUITE-007_model_suite_metrics_long.csv,03_Data_Output/7_IndexConstructionValidation/nonraw_index_suite/comparison/best_by_track_index_cost.csv,Clean by response_track and model_key; rows repeat model metrics across universes and costs.
model_suite,,dynamic_csi,fund,,,,oos,large_cap,20,youden,3,0.2526,0.8686,0.0598,0.1795,0.3017,0.0526,0.2101,0.8663,0.2371,0.0015134429616554,0.144007361311837,0.676463704979324,-0.239025425171287,0.130353208449157,0.0013035320844915,,,,,,03_Data_Output/6_ModelSuite/comparison/AE-MODEL-SUITE-007_model_suite_metrics_long.csv,03_Data_Output/7_IndexConstructionValidation/nonraw_index_suite/comparison/best_by_track_index_cost.csv,Clean by response_track and model_key; rows repeat model metrics across universes and costs.
model_suite,,dynamic_csi,fund,,,,oos,mid_cap,0,fpr5,5,0.2526,0.8686,0.0598,0.1795,0.3017,0.0526,0.2101,0.8663,0.2371,0.0050682275505997,0.101602735837402,0.429030849113578,-0.244624669382099,1.05855597637233,0.0,,,,,,03_Data_Output/6_ModelSuite/comparison/AE-MODEL-SUITE-007_model_suite_metrics_long.csv,03_Data_Output/7_IndexConstructionValidation/nonraw_index_suite/comparison/best_by_track_index_cost.csv,Clean by response_track and model_key; rows repeat model metrics across universes and costs.
model_suite,,dynamic_csi,fund,,,,oos,mid_cap,5,fpr5,5,0.2526,0.8686,0.0598,0.1795,0.3017,0.0526,0.2101,0.8663,0.2371,0.0050716218236988,0.101030055423525,0.426536471138144,-0.244624669382099,1.05855597637233,0.0026463899409308,,,,,,03_Data_Output/6_ModelSuite/comparison/AE-MODEL-SUITE-007_model_suite_metrics_long.csv,03_Data_Output/7_IndexConstructionValidation/nonraw_index_suite/comparison/best_by_track_index_cost.csv,Clean by response_track and model_key; rows repeat model metrics across universes and costs.
model_suite,,dynamic_csi,fund,,,,oos,mid_cap,10,fpr5,5,0.2526,0.8686,0.0598,0.1795,0.3017,0.0526,0.2101,0.8663,0.2371,0.0050750122452492,0.100457592576469,0.424040844122182,-0.244624669382099,1.05855597637233,0.0052927798818616,,,,,,03_Data_Output/6_ModelSuite/comparison/AE-MODEL-SUITE-007_model_suite_metrics_long.csv,03_Data_Output/7_IndexConstructionValidation/nonraw_index_suite/comparison/best_by_track_index_cost.csv,Clean by response_track and model_key; rows repeat model metrics across universes and costs.
model_suite,,dynamic_csi,fund,,,,oos,mid_cap,20,fpr5,5,0.2526,0.8686,0.0598,0.1795,0.3017,0.0526,0.2101,0.8663,0.2371,0.0050817815403143,0.0993133193671372,0.419045876631201,-0.244624669382099,1.05855597637233,0.0105855597637233,,,,,,03_Data_Output/6_ModelSuite/comparison/AE-MODEL-SUITE-007_model_suite_metrics_long.csv,03_Data_Output/7_IndexConstructionValidation/nonraw_index_suite/comparison/best_by_track_index_cost.csv,Clean by response_track and model_key; rows repeat model metrics across universes and costs.
model_suite,,dynamic_csi,raw_plus_latent,,,,oos,small_cap,0,youden,3,0.3152,0.895,0.1051,0.2632,0.4128,0.0494,0.2171,0.8744,0.2513,0.006359507718876,0.0829063949962565,0.335519697124879,-0.293344872914756,0.854928545631686,0.0,,,,,,03_Data_Output/6_ModelSuite/comparison/AE-MODEL-SUITE-007_model_suite_metrics_long.csv,03_Data_Output/7_IndexConstructionValidation/nonraw_index_suite/comparison/best_by_track_index_cost.csv,Clean by response_track and model_key; rows repeat model metrics across universes and costs.
model_suite,,dynamic_csi,raw_plus_latent,,,,oos,small_cap,5,youden,3,0.3152,0.895,0.1051,0.2632,0.4128,0.0494,0.2171,0.8744,0.2513,0.0063078927770776,0.0824520025709039,0.333670484855046,-0.293344872914756,0.854928545631686,0.0021373213640792,,,,,,03_Data_Output/6_ModelSuite/comparison/AE-MODEL-SUITE-007_model_suite_metrics_long.csv,03_Data_Output/7_IndexConstructionValidation/nonraw_index_suite/comparison/best_by_track_index_cost.csv,Clean by response_track and model_key; rows repeat model metrics across universes and costs.
model_suite,,dynamic_csi,raw_plus_latent,,,,oos,small_cap,10,youden,3,0.3152,0.895,0.1051,0.2632,0.4128,0.0494,0.2171,0.8744,0.2513,0.006256305265615,0.0819977470701823,0.331820611925931,-0.293344872914756,0.854928545631686,0.0042746427281584,,,,,,03_Data_Output/6_ModelSuite/comparison/AE-MODEL-SUITE-007_model_suite_metrics_long.csv,03_Data_Output/7_IndexConstructionValidation/nonraw_index_suite/comparison/best_by_track_index_cost.csv,Clean by response_track and model_key; rows repeat model metrics across universes and costs.
model_suite,,dynamic_csi,raw_plus_latent,,,,oos,small_cap,20,youden,3,0.3152,0.895,0.1051,0.2632,0.4128,0.0494,0.2171,0.8744,0.2513,0.0061532125037171,0.0810896467354332,0.328118898701175,-0.293344872914756,0.854928545631686,0.0085492854563168,,,,,,03_Data_Output/6_ModelSuite/comparison/AE-MODEL-SUITE-007_model_suite_metrics_long.csv,03_Data_Output/7_IndexConstructionValidation/nonraw_index_suite/comparison/best_by_track_index_cost.csv,Clean by response_track and model_key; rows repeat model metrics across universes and costs.
model_suite,,dynamic_csi,fund,,,,oos,total_market,0,youden,3,0.2526,0.8686,0.0598,0.1795,0.3017,0.0526,0.2101,0.8663,0.2371,0.0043131637503153,0.137220140003306,0.635559820592344,-0.23782031937208,0.103737705162035,0.0,,,,,,03_Data_Output/6_ModelSuite/comparison/AE-MODEL-SUITE-007_model_suite_metrics_long.csv,03_Data_Output/7_IndexConstructionValidation/nonraw_index_suite/comparison/best_by_track_index_cost.csv,Clean by response_track and model_key; rows repeat model metrics across universes and costs.
model_suite,,dynamic_csi,fund,,,,oos,total_market,5,youden,3,0.2526,0.8686,0.0598,0.1795,0.3017,0.0526,0.2101,0.8663,0.2371,0.0042925316412794,0.13716199474698,0.63528038196706,-0.237848443904602,0.103737705162035,0.000259344262905,,,,,,03_Data_Output/6_ModelSuite/comparison/AE-MODEL-SUITE-007_model_suite_metrics_long.csv,03_Data_Output/7_IndexConstructionValidation/nonraw_index_suite/comparison/best_by_track_index_cost.csv,Clean by response_track and model_key; rows repeat model metrics across universes and costs.
model_suite,,dynamic_csi,fund,,,,oos,total_market,10,youden,3,0.2526,0.8686,0.0598,0.1795,0.3017,0.0526,0.2101,0.8663,0.2371,0.0042719003849465,0.137103851224508,0.635000922197485,-0.237876567905839,0.103737705162035,0.0005186885258101,,,,,,03_Data_Output/6_ModelSuite/comparison/AE-MODEL-SUITE-007_model_suite_metrics_long.csv,03_Data_Output/7_IndexConstructionValidation/nonraw_index_suite/comparison/best_by_track_index_cost.csv,Clean by response_track and model_key; rows repeat model metrics across universes and costs.
model_suite,,dynamic_csi,fund,,,,oos,total_market,20,youden,3,0.2526,0.8686,0.0598,0.1795,0.3017,0.0526,0.2101,0.8663,0.2371,0.0042306404303158,0.136987569380999,0.63444193931383,-0.237932814314476,0.103737705162035,0.0010373770516203,,,,,,03_Data_Output/6_ModelSuite/comparison/AE-MODEL-SUITE-007_model_suite_metrics_long.csv,03_Data_Output/7_IndexConstructionValidation/nonraw_index_suite/comparison/best_by_track_index_cost.csv,Clean by response_track and model_key; rows repeat model metrics across universes and costs.
model_suite,,permanent_csi,raw_plus_latent,,,,oos,large_cap,0,fpr5,0,0.0311,0.8032,0.0,0.0208,0.0653,0.0207,0.1983,0.8793,0.2664,0.0022826177968624,0.145051220597812,0.670705081407219,-0.245081523397036,0.115136595199074,0.0,,,,,,03_Data_Output/6_ModelSuite/comparison/AE-MODEL-SUITE-007_model_suite_metrics_long.csv,03_Data_Output/7_IndexConstructionValidation/nonraw_index_suite/comparison/best_by_track_index_cost.csv,Clean by response_track and model_key; rows repeat model metrics across universes and costs.
model_suite,,permanent_csi,raw_plus_latent,,,,oos,large_cap,5,fpr5,0,0.0311,0.8032,0.0,0.0208,0.0653,0.0207,0.1983,0.8793,0.2664,0.0022867450927266,0.144986672381553,0.670405163185852,-0.245112860189202,0.115136595199074,0.0002878414879976,,,,,,03_Data_Output/6_ModelSuite/comparison/AE-MODEL-SUITE-007_model_suite_metrics_long.csv,03_Data_Output/7_IndexConstructionValidation/nonraw_index_suite/comparison/best_by_track_index_cost.csv,Clean by response_track and model_key; rows repeat model metrics across universes and costs.
model_suite,,permanent_csi,raw_plus_latent,,,,oos,large_cap,10,fpr5,0,0.0311,0.8032,0.0,0.0208,0.0653,0.0207,0.1983,0.8793,0.2664,0.0022908720424557,0.144922126752167,0.670105219380408,-0.245144196131815,0.115136595199074,0.0005756829759953,,,,,,03_Data_Output/6_ModelSuite/comparison/AE-MODEL-SUITE-007_model_suite_metrics_long.csv,03_Data_Output/7_IndexConstructionValidation/nonraw_index_suite/comparison/best_by_track_index_cost.csv,Clean by response_track and model_key; rows repeat model metrics across universes and costs.
model_suite,,permanent_csi,raw_plus_latent,,,,oos,large_cap,20,fpr5,0,0.0311,0.8032,0.0,0.0208,0.0653,0.0207,0.1983,0.8793,0.2664,0.0022991249035635,0.144793043253745,0.669505255081181,-0.245206865468425,0.115136595199074,0.0011513659519907,,,,,,03_Data_Output/6_ModelSuite/comparison/AE-MODEL-SUITE-007_model_suite_metrics_long.csv,03_Data_Output/7_IndexConstructionValidation/nonraw_index_suite/comparison/best_by_track_index_cost.csv,Clean by response_track and model_key; rows repeat model metrics across universes and costs.
model_suite,,permanent_csi,fund,,,,oos,mid_cap,0,fpr5,0,0.0281,0.7798,0.0,0.003,0.0297,0.0232,0.1892,0.8723,0.2527,0.0073855444053629,0.103920052692165,0.440805107969313,-0.24515958287347,1.0623824100468,0.0,,,,,,03_Data_Output/6_ModelSuite/comparison/AE-MODEL-SUITE-007_model_suite_metrics_long.csv,03_Data_Output/7_IndexConstructionValidation/nonraw_index_suite/comparison/best_by_track_index_cost.csv,Clean by response_track and model_key; rows repeat model metrics across universes and costs.
model_suite,,permanent_csi,fund,,,,oos,mid_cap,5,fpr5,0,0.0281,0.7798,0.0,0.003,0.0297,0.0232,0.1892,0.8723,0.2527,0.0073861395725398,0.103344573172366,0.438292574257614,-0.24515958287347,1.0623824100468,0.002655956025117,,,,,,03_Data_Output/6_ModelSuite/comparison/AE-MODEL-SUITE-007_model_suite_metrics_long.csv,03_Data_Output/7_IndexConstructionValidation/nonraw_index_suite/comparison/best_by_track_index_cost.csv,Clean by response_track and model_key; rows repeat model metrics across universes and costs.
model_suite,,permanent_csi,fund,,,,oos,mid_cap,10,fpr5,0,0.0281,0.7798,0.0,0.003,0.0297,0.0232,0.1892,0.8723,0.2527,0.0073867329395982,0.102769313270819,0.435778717416659,-0.24515958287347,1.0623824100468,0.005311912050234,,,,,,03_Data_Output/6_ModelSuite/comparison/AE-MODEL-SUITE-007_model_suite_metrics_long.csv,03_Data_Output/7_IndexConstructionValidation/nonraw_index_suite/comparison/best_by_track_index_cost.csv,Clean by response_track and model_key; rows repeat model metrics across universes and costs.
model_suite,,permanent_csi,fund,,,,oos,mid_cap,20,fpr5,0,0.0281,0.7798,0.0,0.003,0.0297,0.0232,0.1892,0.8723,0.2527,0.0073879142765229,0.101619452103346,0.430747068249872,-0.24515958287347,1.0623824100468,0.010623824100468,,,,,,03_Data_Output/6_ModelSuite/comparison/AE-MODEL-SUITE-007_model_suite_metrics_long.csv,03_Data_Output/7_IndexConstructionValidation/nonraw_index_suite/comparison/best_by_track_index_cost.csv,Clean by response_track and model_key; rows repeat model metrics across universes and costs.
model_suite,,permanent_csi,latent_raw,,,,oos,small_cap,0,fpr3,0,0.0482,0.8337,0.0504,0.1484,0.2226,0.0166,0.1468,0.8467,0.2012,0.0032098036359216,0.0797566909133021,0.318060916229016,-0.292589421196298,0.757282105013082,0.0,,,,,,03_Data_Output/6_ModelSuite/comparison/AE-MODEL-SUITE-007_model_suite_metrics_long.csv,03_Data_Output/7_IndexConstructionValidation/nonraw_index_suite/comparison/best_by_track_index_cost.csv,Clean by response_track and model_key; rows repeat model metrics across universes and costs.
model_suite,,permanent_csi,latent_raw,,,,oos,small_cap,5,fpr3,0,0.0482,0.8337,0.0504,0.1484,0.2226,0.0166,0.1468,0.8467,0.2012,0.0032116233636243,0.0793557331574506,0.316502027960719,-0.292589421196298,0.757282105013082,0.0018932052625327,,,,,,03_Data_Output/6_ModelSuite/comparison/AE-MODEL-SUITE-007_model_suite_metrics_long.csv,03_Data_Output/7_IndexConstructionValidation/nonraw_index_suite/comparison/best_by_track_index_cost.csv,Clean by response_track and model_key; rows repeat model metrics across universes and costs.
model_suite,,permanent_csi,latent_raw,,,,oos,small_cap,10,fpr3,0,0.0482,0.8337,0.0504,0.1484,0.2226,0.0166,0.1468,0.8467,0.2012,0.0032134416316549,0.0789548834362222,0.31494265641865,-0.292589421196298,0.757282105013082,0.0037864105250654,,,,,,03_Data_Output/6_ModelSuite/comparison/AE-MODEL-SUITE-007_model_suite_metrics_long.csv,03_Data_Output/7_IndexConstructionValidation/nonraw_index_suite/comparison/best_by_track_index_cost.csv,Clean by response_track and model_key; rows repeat model metrics across universes and costs.
model_suite,,permanent_csi,latent_raw,,,,oos,small_cap,20,fpr3,0,0.0482,0.8337,0.0504,0.1484,0.2226,0.0166,0.1468,0.8467,0.2012,0.0032170737904631,0.0781535080221791,0.311822471934478,-0.292589421196298,0.757282105013082,0.0075728210501308,,,,,,03_Data_Output/6_ModelSuite/comparison/AE-MODEL-SUITE-007_model_suite_metrics_long.csv,03_Data_Output/7_IndexConstructionValidation/nonraw_index_suite/comparison/best_by_track_index_cost.csv,Clean by response_track and model_key; rows repeat model metrics across universes and costs.
model_suite,,permanent_csi,raw_plus_latent,,,,oos,total_market,0,fpr5,0,0.0311,0.8032,0.0,0.0208,0.0653,0.0207,0.1983,0.8793,0.2664,0.0026602448058623,0.135567221058853,0.614724642845163,-0.247178983697862,0.0679953024224083,0.0,,,,,,03_Data_Output/6_ModelSuite/comparison/AE-MODEL-SUITE-007_model_suite_metrics_long.csv,03_Data_Output/7_IndexConstructionValidation/nonraw_index_suite/comparison/best_by_track_index_cost.csv,Clean by response_track and model_key; rows repeat model metrics across universes and costs.
model_suite,,permanent_csi,raw_plus_latent,,,,oos,total_market,5,fpr5,0,0.0311,0.8032,0.0,0.0208,0.0653,0.0207,0.1983,0.8793,0.2664,0.0026597525244751,0.135529215630176,0.614547791945927,-0.247199160241396,0.0679953024224083,0.000169988256056,,,,,,03_Data_Output/6_ModelSuite/comparison/AE-MODEL-SUITE-007_model_suite_metrics_long.csv,03_Data_Output/7_IndexConstructionValidation/nonraw_index_suite/comparison/best_by_track_index_cost.csv,Clean by response_track and model_key; rows repeat model metrics across universes and costs.
model_suite,,permanent_csi,raw_plus_latent,,,,oos,total_market,10,fpr5,0,0.0311,0.8032,0.0,0.0208,0.0653,0.0207,0.1983,0.8793,0.2664,0.0026592602698505,0.135491211109412,0.614370934745993,-0.247219336448037,0.0679953024224083,0.000339976512112,,,,,,03_Data_Output/6_ModelSuite/comparison/AE-MODEL-SUITE-007_model_suite_metrics_long.csv,03_Data_Output/7_IndexConstructionValidation/nonraw_index_suite/comparison/best_by_track_index_cost.csv,Clean by response_track and model_key; rows repeat model metrics across universes and costs.
model_suite,,permanent_csi,raw_plus_latent,,,,oos,total_market,20,fpr5,0,0.0311,0.8032,0.0,0.0208,0.0653,0.0207,0.1983,0.8793,0.2664,0.002658275840887,0.13541520479157,0.614017201457422,-0.247259687850652,0.0679953024224083,0.000679953024224,,,,,,03_Data_Output/6_ModelSuite/comparison/AE-MODEL-SUITE-007_model_suite_metrics_long.csv,03_Data_Output/7_IndexConstructionValidation/nonraw_index_suite/comparison/best_by_track_index_cost.csv,Clean by response_track and model_key; rows repeat model metrics across universes and costs.
