track,track_label,feature_set,model_key,threshold_method,threshold_label,threshold,threshold_boundary_tolerance,split_source,cohort,n,score_min,score_p01,score_p05,score_p25,score_median,score_mean,score_p75,score_p95,score_p99,score_max
dynamic_csi,Temporary CSI,raw_plus_latent,raw_plus_latent,fpr3,CV FPR <= 3%,0.211419641971588,1e-12,cv,FP,2059,0.21142490208148956,0.21188611447811126,0.214030659198761,0.22728808224201202,0.247160404920578,0.25844017737927283,0.28036439418792725,0.33670516908168785,0.39123543620109563,0.48241689801216125
dynamic_csi,Temporary CSI,raw_plus_latent,raw_plus_latent,fpr3,CV FPR <= 3%,0.211419641971588,1e-12,cv,TP,773,0.21141964197158813,0.21189448714256287,0.21494678556919097,0.22892744839191437,0.253231018781662,0.2649095459211073,0.2890896499156952,0.3541736900806427,0.4221673560142516,0.46470335125923157
dynamic_csi,Temporary CSI,raw_plus_latent,raw_plus_latent,fpr3,CV FPR <= 3%,0.211419641971588,1e-12,cv,FN,2346,0.0011543709551915526,0.0035208486136980356,0.013609521323814988,0.05623866617679596,0.10406879708170891,0.1060490578069917,0.15804153680801392,0.19923146814107895,0.20887063890695573,0.21116888523101807
dynamic_csi,Temporary CSI,raw_plus_latent,raw_plus_latent,fpr3,CV FPR <= 3%,0.211419641971588,1e-12,cv,TN,67045,0.00021198678587097675,0.0003565988678019494,0.000934984046034515,0.003836538875475526,0.010338419117033482,0.032758407376718875,0.04061540961265564,0.14645276665687557,0.19432977020740508,0.21140649914741516
dynamic_csi,Temporary CSI,raw_plus_latent,raw_plus_latent,fpr1,CV FPR <= 1%,0.267428815364838,1e-12,cv,FP,690,0.267460435628891,0.26779270827770235,0.2690878972411156,0.2802268713712692,0.2939549833536148,0.30496984832528706,0.3194250911474228,0.3773252949118614,0.42261939913034446,0.48241689801216125
dynamic_csi,Temporary CSI,raw_plus_latent,raw_plus_latent,fpr1,CV FPR <= 1%,0.267428815364838,1e-12,cv,TP,306,0.26742881536483765,0.26828050464391706,0.2701990008354187,0.27973582595586777,0.29969027638435364,0.3098033102704029,0.3263309448957443,0.38750849664211273,0.4479207202792167,0.46470335125923157
dynamic_csi,Temporary CSI,raw_plus_latent,raw_plus_latent,fpr1,CV FPR <= 1%,0.267428815364838,1e-12,cv,FN,2813,0.0011543709551915526,0.0037430183310061694,0.015949731692671776,0.06681164354085922,0.125251904129982,0.1275386973585052,0.18761447072029114,0.2454378604888916,0.2609153389930725,0.26688313484191895
dynamic_csi,Temporary CSI,raw_plus_latent,raw_plus_latent,fpr1,CV FPR <= 1%,0.267428815364838,1e-12,cv,TN,68414,0.00021198678587097675,0.0003588660224340856,0.0009462611662456766,0.003876063448842615,0.01089218445122242,0.03680513568058572,0.04463085997849703,0.16636960431933404,0.2334126694500446,0.2673731744289398
dynamic_csi,Temporary CSI,raw_plus_latent,raw_plus_latent,fpr5,CV FPR <= 5%,0.178807958960533,1e-12,cv,FP,3453,0.1788102388381958,0.17963088989257814,0.1824883282184601,0.19791457056999207,0.22102220356464386,0.23253839227589115,0.2559678256511688,0.31941801905632017,0.37730483174324037,0.48241689801216125
dynamic_csi,Temporary CSI,raw_plus_latent,raw_plus_latent,fpr5,CV FPR <= 5%,0.178807958960533,1e-12,cv,TP,1117,0.17880795896053314,0.17954566240310668,0.18405861556529998,0.2049044370651245,0.22998370230197906,0.24320586485956647,0.271987646818161,0.33832677602767947,0.3945929467678067,0.46470335125923157
dynamic_csi,Temporary CSI,raw_plus_latent,raw_plus_latent,fpr5,CV FPR <= 5%,0.178807958960533,1e-12,cv,FN,2002,0.0011543709551915526,0.0033458633208647373,0.01200149329379201,0.049684593454003334,0.09061127156019211,0.09086174703500635,0.13267648592591286,0.16984926983714102,0.17676879405975343,0.1787036657333374
dynamic_csi,Temporary CSI,raw_plus_latent,raw_plus_latent,fpr5,CV FPR <= 5%,0.178807958960533,1e-12,cv,TN,65651,0.00021198678587097675,0.00035394896985962987,0.0009253433090634644,0.003797536948695779,0.00984337367117405,0.02932873344301515,0.03702744282782078,0.1291888877749443,0.16637233644723892,0.17879097163677216
dynamic_csi,Temporary CSI,raw_plus_latent,raw_plus_latent,youden,CV Youden J,0.0415444411337376,1e-12,cv,FP,18568,0.04154571518301964,0.04229814749211073,0.0452834090217948,0.0651952363550663,0.10137209668755531,0.11945095124346707,0.15768537297844887,0.2526251450181007,0.3169991868734359,0.48241689801216125
dynamic_csi,Temporary CSI,raw_plus_latent,raw_plus_latent,youden,CV Youden J,0.0415444411337376,1e-12,cv,TP,2717,0.041544441133737564,0.043604095876216886,0.052822229266166684,0.09685007482767105,0.15812940895557404,0.16377542599799838,0.21981973946094513,0.30430369377136224,0.36380477309227,0.46470335125923157
dynamic_csi,Temporary CSI,raw_plus_latent,raw_plus_latent,youden,CV Youden J,0.0415444411337376,1e-12,cv,FN,402,0.0011543709551915526,0.0017026999266818166,0.0033483048202469943,0.012003520969301462,0.02156919054687023,0.02136402033745492,0.031092355027794838,0.039580235816538335,0.040844912342727184,0.0413716658949852
dynamic_csi,Temporary CSI,raw_plus_latent,raw_plus_latent,youden,CV Youden J,0.0415444411337376,1e-12,cv,TN,50536,0.00021198678587097675,0.0003259379460359924,0.0007955258770380169,0.003000900149345398,0.0058152147103101015,0.010100729877856249,0.014347451739013195,0.03324587270617485,0.03966805525124074,0.04154367744922638
dynamic_csi,Temporary CSI,raw,raw,fpr3,CV FPR <= 3%,0.217117547988892,1e-12,cv,FP,2073,0.21715593338012695,0.21753398478031158,0.2194528102874756,0.23146751523017883,0.25019413232803345,0.2582615432506935,0.2762752175331116,0.3263270914554596,0.3693160390853888,0.4529777467250824
dynamic_csi,Temporary CSI,raw,raw,fpr3,CV FPR <= 3%,0.217117547988892,1e-12,cv,TP,731,0.2171175479888916,0.2177853912115097,0.22027210146188736,0.23448732495307922,0.2534502148628235,0.26493574422051575,0.2877357006072998,0.34116293489933014,0.38354862630367326,0.41361868381500244
dynamic_csi,Temporary CSI,raw,raw,fpr3,CV FPR <= 3%,0.217117547988892,1e-12,cv,FN,2388,0.0007608201121911407,0.003313854818698019,0.015395153081044555,0.06331265904009342,0.11138081178069115,0.1120642693226781,0.1639663241803646,0.20452689677476885,0.21489345759153367,0.21691268682479858
dynamic_csi,Temporary CSI,raw,raw,fpr3,CV FPR <= 3%,0.217117547988892,1e-12,cv,TN,67031,7.678569090785459e-05,0.00010640551263350063,0.0004074039898114279,0.002832367434166372,0.012035591527819633,0.035577244071215014,0.04778449237346649,0.15401849895715714,0.20164493769407268,0.21710531413555145
dynamic_csi,Temporary CSI,raw,raw,fpr1,CV FPR <= 1%,0.265872091054916,1e-12,cv,FP,690,0.26587995886802673,0.2660028889775276,0.26719426810741426,0.2766430079936981,0.2904694825410843,0.29809656488722647,0.3104257136583328,0.3585316389799118,0.3949284130334854,0.4529777467250824
dynamic_csi,Temporary CSI,raw,raw,fpr1,CV FPR <= 1%,0.265872091054916,1e-12,cv,TP,286,0.2658720910549164,0.26594538390636446,0.2680489793419838,0.2792479023337364,0.30004383623600006,0.3051694866035368,0.3215723782777786,0.3671993985772133,0.40966823548078535,0.41361868381500244
dynamic_csi,Temporary CSI,raw,raw,fpr1,CV FPR <= 1%,0.265872091054916,1e-12,cv,FN,2833,0.0007608201121911407,0.0035937398578971625,0.017401647195219992,0.07354766130447388,0.12988607585430145,0.13201518919842598,0.1917586326599121,0.24700731337070467,0.2607527494430542,0.2658032476902008
dynamic_csi,Temporary CSI,raw,raw,fpr1,CV FPR <= 1%,0.265872091054916,1e-12,cv,TN,68414,7.678569090785459e-05,0.00010712990144384093,0.00041518824291415514,0.002914497279562056,0.01268299575895071,0.03967708066659039,0.05238809436559677,0.17525182366371148,0.23695594966411515,0.2658199965953827
dynamic_csi,Temporary CSI,raw,raw,fpr5,CV FPR <= 5%,0.186501175165176,1e-12,cv,FP,3446,0.18652687966823578,0.1872493125498295,0.19013607501983643,0.20525481551885605,0.22632905095815659,0.23560991007629273,0.25787998735904694,0.3104257136583328,0.35853163897991186,0.4529777467250824
dynamic_csi,Temporary CSI,raw,raw,fpr5,CV FPR <= 5%,0.186501175165176,1e-12,cv,TP,1065,0.1865011751651764,0.18723111748695373,0.19040701389312745,0.21032170951366425,0.23584766685962677,0.24482569578387928,0.2684217691421509,0.3297771394252777,0.37082681655883765,0.41361868381500244
dynamic_csi,Temporary CSI,raw,raw,fpr5,CV FPR <= 5%,0.186501175165176,1e-12,cv,FN,2054,0.0007608201121911407,0.0029664630116894844,0.01337785990908742,0.05697493441402912,0.09854795411229134,0.09763297865526821,0.14133428409695625,0.17731987088918685,0.18448284178972243,0.18636518716812134
dynamic_csi,Temporary CSI,raw,raw,fpr5,CV FPR <= 5%,0.186501175165176,1e-12,cv,TN,65658,7.678569090785459e-05,0.00010593425860861317,0.0004017596613266505,0.0027347137802280486,0.01141150388866663,0.03210945621818204,0.0438695577904582,0.13750631362199775,0.1753895263373852,0.18650053441524506
dynamic_csi,Temporary CSI,raw,raw,youden,CV Youden J,0.0501871220767498,1e-12,cv,FP,18265,0.05018723011016846,0.05101703524589538,0.054505740851163866,0.07413021475076675,0.11034028232097626,0.12766772997977308,0.16818936169147491,0.25559085011482235,0.30825655937194846,0.4529777467250824
dynamic_csi,Temporary CSI,raw,raw,youden,CV Youden J,0.0501871220767498,1e-12,cv,TP,2682,0.0501871220767498,0.05220390759408474,0.061290086992084984,0.10346674360334873,0.16297686845064163,0.16784008828357785,0.221983440220356,0.30231951773166654,0.347507652938366,0.41361868381500244
dynamic_csi,Temporary CSI,raw,raw,youden,CV Youden J,0.0501871220767498,1e-12,cv,FN,437,0.0007608201121911407,0.0015510920574888587,0.00301386252976954,0.01447594165802002,0.02562199905514717,0.025469994030198086,0.03737814351916313,0.04775804951786995,0.04945244133472442,0.050034649670124054
dynamic_csi,Temporary CSI,raw,raw,youden,CV Youden J,0.0501871220767498,1e-12,cv,TN,50839,7.678569090785459e-05,0.00010010641999542713,0.0003431555785937235,0.0018744246917776763,0.0061561730690300465,0.011571890446620627,0.017528381198644638,0.040379584208130835,0.04799448609352112,0.050182487815618515
permanent_csi,Permanent CSI,raw_plus_latent,raw_plus_latent,fpr3,CV FPR <= 3%,0.1808942258358,1e-12,cv,FP,2092,0.1809532195329666,0.181580623537302,0.18372730612754823,0.19511160254478455,0.21397730708122253,0.22582109702704742,0.24360890313982964,0.3115532040596008,0.3726486080884938,0.4706915616989136
permanent_csi,Permanent CSI,raw_plus_latent,raw_plus_latent,fpr3,CV FPR <= 3%,0.1808942258358,1e-12,cv,TP,634,0.18089422583580017,0.1816592788696289,0.18470509201288224,0.20282847434282303,0.2275594025850296,0.2378376531958204,0.261342890560627,0.3257425010204315,0.4063789942860602,0.47485992312431335
permanent_csi,Permanent CSI,raw_plus_latent,raw_plus_latent,fpr3,CV FPR <= 3%,0.1808942258358,1e-12,cv,FN,1825,0.0005296362796798348,0.0022195625863969328,0.012739070504903794,0.05150638893246651,0.08846858888864517,0.09120709787263241,0.13262642920017242,0.1713831603527069,0.1793048870563507,0.1807660311460495
permanent_csi,Permanent CSI,raw_plus_latent,raw_plus_latent,fpr3,CV FPR <= 3%,0.1808942258358,1e-12,cv,TN,67672,0.00037407706258818507,0.0004869274186785333,0.0007711566926445812,0.003410007106140256,0.009483602363616228,0.027606554459483033,0.03480647597461939,0.12095487043261524,0.1662329247593878,0.18087667226791382
permanent_csi,Permanent CSI,raw_plus_latent,raw_plus_latent,fpr1,CV FPR <= 1%,0.232100933790207,1e-12,cv,FP,696,0.23227690160274506,0.2325511395931244,0.23424452543258667,0.24371404573321342,0.2581714391708374,0.27240907182467394,0.2881588637828827,0.3550103083252907,0.43532942831516264,0.4706915616989136
permanent_csi,Permanent CSI,raw_plus_latent,raw_plus_latent,fpr1,CV FPR <= 1%,0.232100933790207,1e-12,cv,TP,294,0.2321009337902069,0.23233149975538253,0.23480856120586396,0.24578741565346718,0.26456423103809357,0.2767045920093854,0.29337122291326523,0.3622132226824759,0.42390502214431747,0.47485992312431335
permanent_csi,Permanent CSI,raw_plus_latent,raw_plus_latent,fpr1,CV FPR <= 1%,0.232100933790207,1e-12,cv,FN,2165,0.0005296362796798348,0.002462144708260894,0.0147812495008111,0.058998964726924896,0.10595013201236725,0.1089565245694896,0.15811167657375336,0.21256192028522491,0.22769855916500095,0.2318338006734848
permanent_csi,Permanent CSI,raw_plus_latent,raw_plus_latent,fpr1,CV FPR <= 1%,0.232100933790207,1e-12,cv,TN,69068,0.00037407706258818507,0.0004892325826222077,0.0007761108136037365,0.003495498327538371,0.009982150979340076,0.031143391648415272,0.03798943571746349,0.1396955162286756,0.2012836521863938,0.23204684257507324
permanent_csi,Permanent CSI,raw_plus_latent,raw_plus_latent,fpr5,CV FPR <= 5%,0.151388898491859,1e-12,cv,FP,3478,0.15142914652824402,0.1522529762983322,0.15496361404657363,0.16926733776926994,0.1900705248117447,0.20186282639070927,0.22206251695752144,0.2881451547145843,0.3549886617064476,0.4706915616989136
permanent_csi,Permanent CSI,raw_plus_latent,raw_plus_latent,fpr5,CV FPR <= 5%,0.151388898491859,1e-12,cv,TP,905,0.15138889849185944,0.1527966022491455,0.1557624638080597,0.17642833292484283,0.20555564761161804,0.21639669903075498,0.24479037523269653,0.31020441651344294,0.38860306024551416,0.47485992312431335
permanent_csi,Permanent CSI,raw_plus_latent,raw_plus_latent,fpr5,CV FPR <= 5%,0.151388898491859,1e-12,cv,FN,1554,0.0005296362796798348,0.0020277603692375125,0.011436320561915637,0.04454888682812452,0.07713822647929192,0.07812291706619758,0.11443586647510529,0.1428477071225643,0.1491604994237423,0.15107682347297668
permanent_csi,Permanent CSI,raw_plus_latent,raw_plus_latent,fpr5,CV FPR <= 5%,0.151388898491859,1e-12,cv,TN,66286,0.00037407706258818507,0.00048534741217736154,0.00076478355913423,0.003345519711729139,0.008992603048682213,0.024719089674679905,0.03179995808750391,0.105294119566679,0.13995539918541894,0.15138760209083557
permanent_csi,Permanent CSI,raw_plus_latent,raw_plus_latent,youden,CV Youden J,0.0358811654150486,1e-12,cv,FP,18639,0.035886503756046295,0.0364396620541811,0.038902487978339194,0.05396602489054203,0.08217950910329819,0.100655323644049,0.13200095295906067,0.21915129572153075,0.28619053959846497,0.4706915616989136
permanent_csi,Permanent CSI,raw_plus_latent,raw_plus_latent,youden,CV Youden J,0.0358811654150486,1e-12,cv,TP,2163,0.0358811654150486,0.03730170376598835,0.046326114609837536,0.08259503543376923,0.13352051377296448,0.14415774306853338,0.19228041917085648,0.27934622466564185,0.34802513003349356,0.47485992312431335
permanent_csi,Permanent CSI,raw_plus_latent,raw_plus_latent,youden,CV Youden J,0.0358811654150486,1e-12,cv,FN,296,0.0005296362796798348,0.0008009043434867635,0.0019130567379761487,0.010595050873234868,0.018182583153247833,0.018340633400225057,0.0275424150750041,0.03335111774504185,0.034674694389104845,0.03541145101189613
permanent_csi,Permanent CSI,raw_plus_latent,raw_plus_latent,youden,CV Youden J,0.0358811654150486,1e-12,cv,TN,51125,0.00037407706258818507,0.00046886628726497295,0.0007070780848152936,0.002818005159497261,0.005499981343746185,0.00908545547112547,0.013197570107877254,0.029017562791705115,0.03437270298600197,0.035879772156476974
permanent_csi,Permanent CSI,raw,raw,fpr3,CV FPR <= 3%,0.187758460640907,1e-12,cv,FP,2092,0.1878279745578766,0.18852353170514108,0.1904736652970314,0.20362672582268715,0.22255892306566238,0.23141552158853976,0.25114013254642487,0.2992216214537621,0.33853386968374255,0.40958699584007263
permanent_csi,Permanent CSI,raw,raw,fpr3,CV FPR <= 3%,0.187758460640907,1e-12,cv,TP,641,0.1877584606409073,0.1882726550102234,0.1911710947751999,0.20749744772911072,0.23149695992469788,0.23887153897382168,0.26389142870903015,0.31066060066223145,0.3396172165870667,0.38407304883003235
permanent_csi,Permanent CSI,raw,raw,fpr3,CV FPR <= 3%,0.187758460640907,1e-12,cv,FN,1818,0.0008084140135906637,0.00282771137310192,0.011242994526401163,0.04928074777126312,0.09072604030370712,0.09279453709434177,0.13472190871834755,0.17711015790700912,0.1858091762661934,0.18758675456047058
permanent_csi,Permanent CSI,raw,raw,fpr3,CV FPR <= 3%,0.187758460640907,1e-12,cv,TN,67672,0.0004392200498841703,0.00044854195381049066,0.000556186045287177,0.0021300038206391037,0.007501464337110519,0.026719856593963778,0.03282933495938778,0.12354268729686735,0.17118459671735728,0.18775267899036407
permanent_csi,Permanent CSI,raw,raw,fpr1,CV FPR <= 1%,0.240544259548187,1e-12,cv,FP,697,0.24054870009422302,0.24086095094680787,0.2420504480600357,0.2511630654335022,0.26577097177505493,0.27247108230460837,0.28722983598709106,0.3263933181762695,0.3552165830135345,0.40958699584007263
permanent_csi,Permanent CSI,raw,raw,fpr1,CV FPR <= 1%,0.240544259548187,1e-12,cv,TP,270,0.24054425954818726,0.24075959429144858,0.24224909245967866,0.25421588122844696,0.2709948271512985,0.2761994785732693,0.2937800958752632,0.32817506343126296,0.3554613560438156,0.38407304883003235
permanent_csi,Permanent CSI,raw,raw,fpr1,CV FPR <= 1%,0.240544259548187,1e-12,cv,FN,2189,0.0008084140135906637,0.003400716185569763,0.013546334579586984,0.059238433837890625,0.10987267643213272,0.11294804280719521,0.16630303859710693,0.22201902866363524,0.23602232754230498,0.24051861464977264
permanent_csi,Permanent CSI,raw,raw,fpr1,CV FPR <= 1%,0.240544259548187,1e-12,cv,TN,69067,0.0004392200498841703,0.00044865925912745296,0.0005606915452517569,0.0021651339484378695,0.007971801795065403,0.03043993603636512,0.03623924031853676,0.14456018954515448,0.2097894868254661,0.24053208529949188
permanent_csi,Permanent CSI,raw,raw,fpr5,CV FPR <= 5%,0.156471073627472,1e-12,cv,FP,3482,0.1564907431602478,0.15706269800662995,0.1597936049103737,0.17526929453015327,0.19778738170862198,0.20744275540490043,0.23170683532953262,0.28722473978996277,0.3263906055688858,0.40958699584007263
permanent_csi,Permanent CSI,raw,raw,fpr5,CV FPR <= 5%,0.156471073627472,1e-12,cv,TP,909,0.15647107362747192,0.15808810710906981,0.16239188611507416,0.18315871059894562,0.21121157705783844,0.21914635501941307,0.2483232170343399,0.30252391099929793,0.3343607985973357,0.38407304883003235
permanent_csi,Permanent CSI,raw,raw,fpr5,CV FPR <= 5%,0.156471073627472,1e-12,cv,FN,1550,0.0008084140135906637,0.0026073851832188666,0.009967248048633337,0.04233192000538111,0.07893740385770798,0.07910521819812036,0.11594801768660545,0.14848148450255394,0.15449412792921066,0.15622110664844513
permanent_csi,Permanent CSI,raw,raw,fpr5,CV FPR <= 5%,0.156471073627472,1e-12,cv,TN,66282,0.0004392200498841703,0.00044846793200122194,0.0005519764730706811,0.0020910335588268936,0.0070887538604438305,0.023686547362331833,0.029914751648902893,0.1076885074377059,0.1446141774952412,0.15644297003746033
permanent_csi,Permanent CSI,raw,raw,youden,CV Youden J,0.0378745011985302,1e-12,cv,FP,17473,0.03787551075220108,0.038597672134637835,0.04129127636551857,0.057824987918138504,0.08845474570989609,0.10657435964226061,0.14087125658988953,0.23156971931457512,0.2871564507484435,0.40958699584007263
permanent_csi,Permanent CSI,raw,raw,youden,CV Youden J,0.0378745011985302,1e-12,cv,TP,2127,0.0378745011985302,0.03968539245426655,0.04760984666645527,0.08579348772764206,0.13909834623336792,0.14827564845258326,0.2000584751367569,0.2764499723911285,0.3171675580739974,0.38407304883003235
permanent_csi,Permanent CSI,raw,raw,youden,CV Youden J,0.0378745011985302,1e-12,cv,FN,332,0.0008084140135906637,0.001188437930541113,0.0027421830920502546,0.010392789030447602,0.019360306672751904,0.019381989943037504,0.028726205695420504,0.03509489875286818,0.03694380149245262,0.03729787841439247
permanent_csi,Permanent CSI,raw,raw,youden,CV Youden J,0.0378745011985302,1e-12,cv,TN,52291,0.0004392200498841703,0.0004476792993955314,0.0004976187483407557,0.001596178044565022,0.0040390812791883945,0.008225767733658225,0.011900036130100489,0.02982392907142639,0.036144066229462625,0.037874482572078705
